,Word,TF-IDF_Score
0,underdramatic,0.004851032
1,hyperhysteria,0.004851032
2,verbolect,0.0104154925
3,fluffypoos,0.0052754973
4,shaggydoodles,0.0052754973
5,presenence,0.00543417
6,initiativeson,0.0
7,immunostained,0.0056282475
8,sadaesasang,0.023418684999999998
9,gormagander,0.005396773099999999
10,decloak,0.005396773099999999
11,offcumdens,0.00491663
12,rightaholic,0.005498862499999999
13,gothicky,0.005304784999999999
14,individualmandate,0.0
15,biopharmacy,0.005498862499999999
16,yemul,0.00569294
17,agreementsm,0.0
18,postmassacre,0.0042697049999999995
19,besatzungskinder,0.0053694775
20,grammairiens,0.006670169
21,grammairiennes,0.006670169
22,pointant,0.007245559999999999
23,casseroling,0.0070514825
24,beachfuls,0.005046015
25,onrolling,0.0055635549999999995
26,domesticairlines,0.0
27,funreach,0.0057606005
28,hydrorobot,0.0057606005
29,obsessable,0.00569294
30,poliphical,0.00543417
31,humorize,0.0074396374999999995
32,twimbos,0.006670169
33,twimbo,0.006670169
34,shibazakura,0.00491663
35,fluoroscent,0.0
36,daintified,0.0074396374999999995
37,glyptician,0.0152201129
38,glypticians,0.0304402258
39,rraaahwr,0.0092510275
40,quintoniles,0.00465786
41,webstreamed,0.00646925
42,demeatballization,0.004528475
43,frowziest,0.004787245
44,chargaes,0.0
45,hareeseh,0.00646925
46,ethnofictions,0.009338236599999999
47,wiggiest,0.0046691182999999995
48,pizzaless,0.007116175
49,respondss,0.0052400925
50,princessification,0.0043343975
51,tasawwuf,0.0051107075
52,polyfluoroalkyl,0.004463782499999999
53,foofier,0.0045931675
54,iyya,0.0
55,foresisters,0.00491663
56,reviewier,0.00569294
57,unsucculent,0.0041840151
58,masculennial,0.0041840151
59,chhattu,0.004463782499999999
60,teratoid,0.0053694775
61,gawwwleee,0.005046015
62,archconspiracist,0.0070514825
63,cellarium,0.0061457874999999995
64,independantists,0.0051107075
65,tareferos,0.0074396374999999995
66,pastelada,0.005154221499999999
67,pasteladas,0.005154221499999999
68,kwaussie,0.0051107075
69,grangelands,0.00491663
70,ingrownness,0.0053694775
71,restranscription,0.0
72,relationshipper,0.007116175
73,pseudophilanthropy,0.0049813225
74,strucutural,0.0
75,tumpety,0.0100658914
76,polyphloisboio,0.0050329457
77,tawazun,0.0067280199999999995
78,animalerie,0.0043320749999999995
79,enfreint,0.0043320749999999995
80,utilisant,0.0043320749999999995
81,hyvää,0.0043659288
82,itsenäisyyspäivää,0.0043659288
83,soumets,0.006180427
84,inducas,0.0
85,tentationem,0.0
86,realigner,0.0043990900000000005
87,hotwords,0.006663327500000001
88,kashaveynu,0.0073102524999999995
89,bodyhacking,0.0051754
90,instapays,0.0
91,yahoud,0.004787245
92,powermodels,0.004851032
93,superspawn,0.004851032
94,sefforts,0.0
95,unholiday,0.004528475
96,bridesmates,0.004787245
97,uncomedic,0.005498862499999999
98,enmeshments,0.0051107075
99,empust,0.006081095
100,regramming,0.006663327500000001
101,arrhythmical,0.00569294
102,hissssssss,0.006663327500000001
103,withbroad,0.0
104,donabes,0.005498862499999999
105,arkoudaphobic,0.00595171
106,poutinologist,0.0102861075
107,detritivores,0.0058002912
108,bathylagid,0.0
109,solmissus,0.0
110,knockerl,0.00621048
111,prapanca,0.022642375
112,forlourn,0.0044265667
113,fourlorn,0.0044265667
114,pediophobia,0.0074396374999999995
115,überbitten,0.0045931675
116,konstytucja,0.004722552499999999
117,xenophiles,0.005887017499999999
118,superfunding,0.005046015
119,gonatid,0.0116005824
120,melamphaid,0.0
121,divaness,0.01138588
122,unseelie,0.0073102524999999995
123,popcornologist,0.004787245
124,fulskap,0.00750433
125,prawny,0.004389836
126,imposybilizm,0.004389836
127,impossibilism,0.008837432999999999
128,ginormo,0.0060164025
129,cooolers,0.005304784999999999
130,highord,0.0
131,hyperspecificity,0.00491663
132,thicccbrowz,0.006064904999999999
133,totesbasic,0.006064904999999999
134,neckbeards,0.006064904999999999
135,advertiesments,0.0
136,motorvate,0.007116175
137,sherryhood,0.004722552499999999
138,unbenching,0.006598635
139,troway,0.005336135200000001
140,drunkaman,0.005336135200000001
141,teleautomaton,0.006663327500000001
142,crosswordwise,0.006663327500000001
143,stabilists,0.004787245
144,pekelvlees,0.00465786
145,plumpless,0.006857405
146,boosterss,0.0
147,manaeesh,0.0069220975
148,cyptocurrency,0.005046015
149,doobing,0.0063669795
150,doobed,0.0190403006
151,robovacuums,0.005304784999999999
152,hashtaggable,0.005822325
153,rulebreaker,0.00750433
154,immortalizations,0.004463782499999999
155,mininute,0.00543417
156,zooxanthella,0.0159790475
157,bodysnatched,0.00569294
158,overexplication,0.0053694775
159,trolololo,0.0
160,chingedy,0.005140728999999999
161,upeneded,0.0049813225
162,profused,0.0
163,subcollections,0.0051754
164,gatechecked,0.0
165,camptowns,0.0043343975
166,solvingwise,0.00595171
167,cybersensation,0.0
168,sweatcoins,0.048631595799999996
169,sweatcoin,0.0088531334
170,lololo,0.010339218999999998
171,mattocking,0.005046015
172,risparmia,0.0
173,bromosexuality,0.0065339425
174,yanagiba,0.005822325
175,crevicelike,0.006663327500000001
176,nonforwardable,0.005887017499999999
177,uptalks,0.0045931675
178,kilimologist,0.005304784999999999
179,recidivating,0.00621048
180,cryptotulips,0.005498862499999999
181,nonwall,0.0074396374999999995
182,bumpfire,0.005822325
183,cryptoart,0.005757632499999999
184,metallosis,0.00543417
185,womping,0.005304784999999999
186,etiolations,0.0053694775
187,frumpers,0.0049813225
188,microtechnologies,0.004787245
189,whoremistress,0.004463782499999999
190,pushpieces,0.005046015
191,proselytist,0.005304784999999999
192,nonbrilliant,0.0045931675
193,snidbits,0.010997724999999998
194,liberalocrats,0.006081095
195,tsesah,0.041791354999999995
196,dimentico,0.004463782499999999
197,hypebeasts,0.0048519374999999995
198,nonfinisher,0.0043990900000000005
199,cryptocoins,0.004463782499999999
200,counterjudgments,0.0062751725000000005
201,powerboatin,0.0053694775
202,qalandars,0.00543417
203,foamability,0.00595171
204,desinification,0.0056282475
205,bofaellesskaber,0.0043343975
206,pathobigotry,0.0044265667
207,pathobigot,0.0044265667
208,feekoosul,0.0052148594
209,feekoos,0.0052148594
210,minutalism,0.004244653
211,secondalism,0.004244653
212,papulosa,0.00621048
213,privatum,0.005046015
214,bogeymanism,0.0065339425
215,riparatore,0.0113211875
216,cybercoached,0.0
217,prepainting,0.0062751725000000005
218,redneckification,0.005304784999999999
219,minitennis,0.0042697049999999995
220,gymternet,0.0067280199999999995
221,misaccentuated,0.0062751725000000005
222,daywalkers,0.008606388999999999
223,shadowwalker,0.008606388999999999
224,shadowwalkers,0.0043320749999999995
225,viewcounts,0.0043343975
226,unspooky,0.005822325
227,coolship,0.047096139999999995
228,rewirement,0.00569294
229,fiiiinaly,0.0049813225
230,wassssup,0.005396773099999999
231,economer,0.005396773099999999
232,hematovascular,0.004528475
233,microinspection,0.00646925
234,cummberbunds,0.005757632499999999
235,punwise,0.006598635
236,neuroatypicality,0.0069220975
237,wizardliness,0.0051107075
238,goddardensis,0.005498862499999999
239,biosociologist,0.005887017499999999
240,goingly,0.007245559999999999
241,wehoscott,0.004722552499999999
242,guuhh,0.00698679
243,kpakpo,0.0069127206
244,bunapi,0.0069127206
245,dilletantish,0.0048519374999999995
246,laojia,0.009277598699999999
247,apfelschmarrn,0.007374944999999999
248,tusari,0.006598635
249,flanieren,0.0060164025
250,phallocentrist,0.0044265667
251,cliteracy,0.0044265667
252,dysmorphologists,0.005498862499999999
253,malestream,0.0069220975
254,blotchier,0.0043990900000000005
255,driftingly,0.009703874999999999
256,maruxna,0.007245559999999999
257,lionsroar,0.004722552499999999
258,pentatonicism,0.0048519374999999995
259,ragefest,0.005822325
260,plonkable,0.00491663
261,amylacea,0.020248752499999998
262,unfreaked,0.004787245
263,midfrenzy,0.004463782499999999
264,orcaestraits,0.005046015
265,unretrofitted,0.00569294
266,leptomeningeal,0.0051754
267,ceremonywere,0.0
268,henotheist,0.0044872046
269,henotheism,0.0
270,laurices,0.017661052499999996
271,nonpuerperal,0.006306341599999999
272,galactogogues,0.006306341599999999
273,hypercapable,0.0060164025
274,anageria,0.012822942
275,schmenter,0.00491663
276,murderrrrrrr,0.0052400925
277,coronadas,0.0044265667
278,kopiko,0.0044265667
279,facedlegal,0.0
280,yogaholics,0.0065488932
281,wikiholics,0.0065488932
282,clicas,0.012679729999999998
283,mildronite,0.0
284,vagility,0.0152027375
285,hypercalcemic,0.013844195
286,monobob,0.0065339425
287,prayformances,0.004528475
288,haemuljjim,0.008259823
289,mulmakguksu,0.004101031
290,eomuk,0.004101031
291,rivuletlike,0.0045931675
292,shekanjeh,0.010685785
293,ta’zir,0.0
294,haqayeq,0.005314012
295,underwhip,0.012679729999999998
296,zwickelbier,0.0158814656
297,kellerbiers,0.0158814656
298,kellerbier,0.0106061536
299,zwickelbiers,0.0106061536
300,geobukseon,0.0051107075
301,biorepository,0.0056282475
302,bluebearding,0.005887017499999999
303,counterexperts,0.006598635
304,suitress,0.004787245
305,diasgree,0.0
306,locavorish,0.007245559999999999
307,unregrettable,0.0064045575
308,geospiritual,0.0073102524999999995
309,ultranutritious,0.005046015
310,wrestlerette,0.0061457874999999995
311,fashionization,0.0061457874999999995
312,nonlaunderable,0.00543417
313,progressophobia,0.0056282475
314,monopsonize,0.00646925
315,gunseller,0.0
316,ropemaster,0.00465786
317,uncharasmatic,0.0
318,thumbiest,0.0061457874999999995
319,cybercoins,0.004787245
320,pensionize,0.0043659288
321,pensionizing,0.0043659288
322,supertribal,0.00621048
323,narej,0.0066095311000000006
324,banjaan,0.0066095311000000006
325,houseshoes,0.0049813225
326,kosidans,0.00491663
327,roboadvisors,0.0
328,roboadvisor,0.0
329,gothiness,0.00465786
330,orizake,0.00543417
331,pauropods,0.004563119
332,priapulids,0.004563119
333,loriciferans,0.004563119
334,publicanorum,0.013067885
335,screenplayfor,0.0
336,highful,0.0061457874999999995
337,drapelike,0.0062751725000000005
338,tessered,0.0048519374999999995
339,agavins,0.005498862499999999
340,trashophilia,0.00595171
341,c’iyaals,0.0
342,oversharpen,0.0057606005
343,oversmoothe,0.0057606005
344,unpanicky,0.0051754
345,subirrigated,0.009186335
346,hassignaled,0.0
347,shoelike,0.0069220975
348,dahnced,0.0053694775
349,spettacolarizzazione,0.00491663
350,hoboning,0.00569294
351,multiperspectivity,0.0053694775
352,untease,0.0049813225
353,countermemo,0.0051754
354,wattery,0.0188255175
355,bunnying,0.0079435649
356,geckoing,0.0079435649
357,megacamp,0.012188217900000001
358,kalboishakhi,0.0061244279
359,hourua,0.0164935088
360,removalist,0.0055180489
361,misperformed,0.0060164025
362,triskelions,0.006081095
363,robotaxis,0.0052400925
364,minitournaments,0.0060164025
365,pessimistas,0.004787245
366,overtires,0.0043990900000000005
367,microtargeter,0.0
368,nonmurderous,0.0064045575
369,overthanked,0.0049813225
370,cisgenderness,0.005498862499999999
371,creepdom,0.0060164025
372,brassados,0.014361735
373,involvedf,0.0
374,miniwilderness,0.006857405
375,mooooooon,0.0056282475
376,four’easter,0.0
377,meteorologese,0.0047297562
378,roboadviser,0.0042743139999999995
379,mainplate,0.0045478425000000005
380,horophiles,0.0045478425000000005
381,râleur,0.0074396374999999995
382,informationalized,0.005304784999999999
383,unelective,0.0055635549999999995
384,shooketh,0.0044265667
385,decaversary,0.0044265667
386,kinkeeping,0.0122268825
387,primacist,0.00543417
388,deepdive,0.005757632499999999
389,thiiiiiiis,0.00606379
390,vacuuuuuuuuum,0.00606379
391,junonius,0.00646925
392,flummoxers,0.0061457874999999995
393,weekiversary,0.028594085
394,mogullike,0.0043990900000000005
395,unshamability,0.00750433
396,tergum,0.00595171
397,arithmophobic,0.0056282475
398,mirrorscapes,0.0060164025
399,megafatberg,0.007245559999999999
400,eurosaurus,0.0
401,moralware,0.0049813225
402,catamenial,0.014685197499999999
403,mashabek,0.0064045575
404,sarying,0.005822325
405,supercontributors,0.00621048
406,unpopulate,0.0044872046
407,expliciitly,0.0044872046
408,spyhood,0.004463782499999999
409,absentblackfatherbot,0.009703874999999999
410,nappable,0.004722552499999999
411,reconfiscated,0.007245559999999999
412,dehorsification,0.005304784999999999
413,bordoodle,0.004787245
414,reuptook,0.0043343975
415,obituarty,0.0
416,intoxicology,0.005498862499999999
417,homonymously,0.005304784999999999
418,cowboy’ll,0.0
419,swimgloat,0.0065339425
420,hypercoordination,0.0048519374999999995
421,woaaaahhhh,0.005046015
422,laylights,0.004463782499999999
423,mosaicized,0.0055635549999999995
424,instacelebs,0.0069220975
425,nobody’d,0.0
426,snowgie,0.005498862499999999
427,miniblog,0.0
428,arachnia,0.004463782499999999
429,absurdio,0.007374944999999999
430,baakisimba,0.0062751725000000005
431,nondressage,0.005822325
432,undercall,0.0060164025
433,unremuneranded,0.005046015
434,multinosed,0.004463782499999999
435,rhymeslingers,0.0062751725000000005
436,intrabody,0.0067280199999999995
437,grumblebark,0.005498862499999999
438,acknowledgedpublicly,0.0
439,eggceptional,0.005822325
440,cowbaby,0.005822325
441,crapberg,0.0
442,archaeogenomics,0.0048519374999999995
443,inelectable,0.0
444,gallerywide,0.0055635549999999995
445,plackart,0.0051754
446,deconspire,0.00491663
447,microincidents,0.00569294
448,avipoxvirus,0.004722552499999999
449,cybercounterattack,0.00465786
450,kepercayaan,0.034442327200000004
451,kejawen,0.0049116698999999995
452,worldschooling,0.0043990900000000005
453,asnapa,0.006339864999999999
454,magpiety,0.00621048
455,jeerish,0.0064276174
456,saleeg,0.0064276174
457,sattras,0.005498862499999999
458,cyberskirmishing,0.00465786
459,cuadrícula,0.0047903941
460,towerblocks,0.0047903941
461,clockwinder,0.005822325
462,numbnuts,0.0061457874999999995
463,outshock,0.0042697049999999995
464,overstrategize,0.004787245
465,wormwork,0.0044872046
466,rootwater,0.0044872046
467,electoralize,0.0043990900000000005
468,postrobbery,0.0069220975
469,gotchu,0.0052754973
470,badamcha,0.004722552499999999
471,hypertheatrics,0.0049813225
472,réesumé,0.0
473,dab’ll,0.0
474,interparental,0.00750433
475,subterreanan,0.00621048
476,antidiplomatic,0.0058212384
477,pantryload,0.00698679
478,skirtsuit,0.0055635549999999995
479,playcallers,0.005498862499999999
480,tomacco,0.0053694775
481,megafunk,0.00595171
482,salinité,0.0051107075
483,olufe,0.0051107075
484,accusatons,0.005822325
485,taco’ed,0.0
486,despecking,0.006081095
487,lineafterlineafterline,0.0056999626
488,steatopygy,0.0056999626
489,sloooooooooooooooowly,0.00595171
490,dramatotherapy,0.0049813225
491,hyperprojection,0.006180427
492,siderophore,0.006180427
493,macrobial,0.006180427
494,rabbitoh,0.007374944999999999
495,ephylone,0.0
496,aforeword,0.0
497,shakshukas,0.004787245
498,atractding,0.0
499,chipster,0.0043659288
500,bouginess,0.008792495499999999
501,prueless,0.004528475
502,barricage,0.0067280199999999995
503,buckstopping,0.00646925
504,taskets,0.0050935836
505,arctophile,0.0050935836
506,counterschemes,0.0043990900000000005
507,esticular,0.0
508,syboes,0.00465786
509,stilletoed,0.0
510,miniglobes,0.00698679
511,universallyabhorred,0.0043343975
512,nonmultilateral,0.0045931675
513,homodictatorship,0.0044872046
514,passionarity,0.0044872046
515,silvaners,0.0045931675
516,glamborgeous,0.006081095
517,multisyllabled,0.0073102524999999995
518,fopitude,0.006598635
519,l’affair,0.0
520,tweetsters,0.01164465
521,expedtie,0.0
522,loserfest,0.006081095
523,unrestoration,0.0060164025
524,jinbaori,0.01138588
525,constructorial,0.0071808675
526,weddedness,0.004463782499999999
527,unregenerative,0.00465786
528,typefit,0.004851924
529,paginator,0.004851924
530,this,0.0
531,nannyconvicted,0.0
532,durags,0.0282706225
533,gyrinidal,0.01319727
534,democratizating,0.005046015
535,narcobiography,0.00465786
536,malwareberg,0.00595171
537,desectarianization,0.0061457874999999995
538,procrastibakers,0.0085515584
539,procrastibaking,0.0555851296
540,procrasticleaning,0.0042757792
541,procrastibaker,0.0085515584
542,nutheads,0.0049813225
543,mirhab,0.005822325
544,schwifty,0.00569294
545,foamcup,0.005887017499999999
546,akingdoncomethas,0.019537135
547,tsiganochka,0.00646925
548,voicesover,0.0049116698999999995
549,chainstake,0.0049116698999999995
550,diitfference,0.0
551,schmalibut,0.0069733584999999996
552,schmenius,0.0069733584999999996
553,cambures,0.008798180000000001
554,neofuturist,0.0
555,greasable,0.00595171
556,delicatula,0.0049674459999999995
557,lanternfly,0.019812022999999998
558,lanternflies,0.04950117699999999
559,smellwalks,0.0048519374999999995
560,screamingly­,0.0045931675
561,sharbats,0.0064045575
562,archwizard,0.0
563,filaos,0.0045931675
564,yaadie,0.004851032
565,dhalpuri,0.004851032
566,oughtn’t,0.0
567,heptalogy,0.006792712499999999
568,remdesivir,0.0108036475
569,cyberoperative,0.00698679
570,spiecism,0.0055635549999999995
571,footsepts,0.0
572,pearlesque,0.005757632499999999
573,recorroborating,0.0053694775
574,himbertscha,0.016635168
575,braucol,0.011090112
576,rkatsitelis,0.005545056
577,biocrisis,0.0056282475
578,quigutl,0.0048519374999999995
579,sportswash,0.00698679
580,paleontologista,0.005304784999999999
581,overridable,0.005498862499999999
582,redelineate,0.00465786
583,shutterbait,0.0053694775
584,semirelaxed,0.00543417
585,undroopy,0.0051754
586,disheveledand,0.0
587,providentalist,0.006598635
588,manumotive,0.006339864999999999
589,neighba,0.005154221499999999
590,tagans,0.005154221499999999
591,is,-1.0294899999999999e-05
592,crowdsale,0.00543417
593,vespaiola,0.004722552499999999
594,provokatsiya,0.0505248425
595,marvelouslyinfectious,0.0
596,shinrinyoku,0.00543417
597,casimuertos,0.0053694775
598,swishbuckling,0.00621048
599,softfly,0.0052400925
600,adaptogen,0.012303093
601,ashwangdha,0.0064882553
602,tradwife,0.016614784599999998
603,tradwives,0.0207987997
604,misguidingly,0.0055635549999999995
605,substantivefemale,0.0
606,fuchsteufelswild,0.00465786
607,disattach,0.0056282475
608,phonebanking,0.005887017499999999
609,bananafest,0.0118243905
610,bananapalooza,0.0118243905
611,cyberburrowed,0.0052400925
612,parabalini,0.00491663
613,jobbymoons,0.0052754973
614,bizcations,0.0052754973
615,seasonaires,0.0093804125
616,andcarries,0.0
617,storytale,0.0
618,shaleionaires,0.0048519374999999995
619,brokedar,0.0045478425000000005
620,broketose,0.0045478425000000005
621,degazettement,0.0067280199999999995
622,posthospitalization,0.006857405
623,nontelevisual,0.004528475
624,ciarlare,0.0051107075
625,swannishly,0.0061457874999999995
626,mafrum,0.0056393247
627,hakozushi,0.0056393247
628,okraschoten,0.00491663
629,wypipo,0.0040627393
630,whytppl,0.0040627393
631,jujjed,0.00491663
632,musharati,0.01086834
633,semicolumns,0.0056393247
634,podstakannik,0.0056393247
635,smokewaves,0.00750433
636,shoutdowns,0.0043343975
637,nonfasters,0.00491663
638,tarraxinha,0.0049813225
639,vritues,0.00698679
640,enagua,0.0053694775
641,reservesplays,0.0065339425
642,tweetism,0.0060164025
643,chakral,0.0069220975
644,jillionth,0.006598635
645,dilmenna,0.0048519374999999995
646,speckboom,0.0043343975
647,informaticists,0.0051107075
648,kneever,0.0074396374999999995
649,technocapitalist,0.0089922575
650,jamona,0.0053694775
651,ruyruku,0.004447596999999999
652,haytana,0.004447596999999999
653,hanaq,0.004447596999999999
654,ambidancetrous,0.00621048
655,cryptocohn,0.005046015
656,roseoloviruses,0.00569294
657,mokatines,0.0041233772
658,flaounes,0.0041233772
659,shruggable,0.00621048
660,kyllyng,0.0049813225
661,fotbolti,0.00465786
662,consciousnessand,0.0
663,sciencuality,0.006081095
664,complaain,0.0
665,discollecting,0.006663327500000001
666,flingram,0.007374944999999999
667,yourselff,0.006306341599999999
668,outleeched,0.006306341599999999
669,almondesque,0.007116175
670,unitedberlin,0.006339864999999999
671,technoprotectionism,0.013132577500000001
672,whitespotted,0.0048519374999999995
673,prochoicelife,0.0051107075
674,chicksplains,0.0052400925
675,hoejabis,0.0114605631
676,hoejabi,0.017221163600000002
677,needlerush,0.00465786
678,damunhwa,0.014555812499999998
679,throneholders,0.00621048
680,klaviatura,0.006081095
681,kamonabe,0.011774034999999999
682,coutrsey,0.006663327500000001
683,dermatopathy,0.0060164025
684,lubdub,0.005757632499999999
685,factoidian,0.005304784999999999
686,plenir,0.004216553
687,replenir,0.004216553
688,repleniss,0.004216553
689,tridoshic,0.00646925
690,twinnish,0.0060031521
691,nonthemeless,0.0060031521
692,krapao,0.00543417
693,naturalette,0.004787245
694,bandooqon,0.0050329457
695,nehatti,0.0050329457
696,hypernerdiness,0.005757632499999999
697,ampik,0.004722552499999999
698,henipavirus,0.0064045575
699,azoyns,0.0049723078
700,azelekhes,0.0049723078
701,ridehail,0.0071808675
702,streeeeetched,0.0064045575
703,ineerily,0.005046015
704,cygniform,0.007116175
705,cyberinterference,0.00750433
706,sextech,0.006792712499999999
707,zoekboeks,0.0046187504
708,wimmelbooks,0.046187504
709,zoekboek,0.023093752
710,macroplots,0.0046187504
711,wimmelbook,0.0138562512
712,cyberbots,0.006081095
713,cyberhit,0.0050329457
714,cyberspooks,0.0050329457
715,reptiloid,0.0046691182999999995
716,nomothetic,0.0046691182999999995
717,turbocapitalist,0.00750433
718,demagogury,0.0
719,huskberry,0.0060164025
720,geklempt,0.0050935836
721,geznunt,0.0
722,senryaku,0.006792712499999999
723,automatovelociraptor,0.005046015
724,alwaysconnected,0.0
725,whatboutism,0.0
726,whataboutists,0.0041233772
727,stacktician,0.007245559999999999
728,youthias,0.0056605779999999994
729,chutiya,0.0056605779999999994
730,polishia,0.0056605779999999994
731,lovabilility,0.0062751725000000005
732,stillrainy,0.0049813225
733,unsnortable,0.00595171
734,telefraud,0.0062751725000000005
735,femoid,0.00569294
736,astrofunk,0.0
737,polyphonicmusic,0.0060164025
738,theraupetic,0.0062751725000000005
739,bolochicos,0.0049813225
740,cypresslike,0.00465786
741,critternet,0.0053694775
742,cyberinvasion,0.0
743,cuddlefest,0.0058212384
744,deutschrock,0.0043990900000000005
745,blurrealist,0.0043343975
746,redisrupt,0.0073102524999999995
747,unincremental,0.0052400925
748,anthropophobic,0.01500866
749,ashlyanfu,0.0074396374999999995
750,getuige,0.00465786
751,phlebovirus,0.0050329457
752,theileriosis,0.0050329457
753,pretariff,0.0064045575
754,midramble,0.0048519374999999995
755,unfreakingbelievable,0.0
756,lomgbois,0.0056282475
757,hyperdominant,0.004463782499999999
758,obstupified,0.0056999626
759,obstupifies,0.0056999626
760,zakhlebyvatsya,0.005304784999999999
761,ashiyu,0.0043343975
762,l’humour,0.0
763,kewaiden,0.005822325
764,ulekan,0.004722552499999999
765,artveillance,0.00465786
766,mayorum,0.00543417
767,xiaolongxia,0.0056282475
768,cropmarks,0.032022787500000004
769,schisma,0.017208205
770,purpledog,0.005046015
771,geolocked,0.005757632499999999
772,soychig,0.01164465
773,mbalanx,0.0
774,childrinx,0.0069127206
775,skrool,0.0069127206
776,bandeirilhas,0.012550345000000001
777,nonuple,0.0056282475
778,melanderi,0.0042697049999999995
779,antipatica,0.0055635549999999995
780,snoezel,0.0043990900000000005
781,nonrelay,0.006663327500000001
782,porniest,0.0050329457
783,perrrrfect,0.0050329457
784,furgirl,0.00595171
785,microinfluencers,0.0046084804
786,legumophiles,0.005154221499999999
787,consonantery,0.005154221499999999
788,estrodial,0.004463782499999999
789,safetyism,0.004463782499999999
790,thumbsy,0.0069220975
791,multicontaminant,0.0056282475
792,nepholopsia,0.005198489999999999
793,musicophobia,0.010396979999999998
794,etymophilia,0.005198489999999999
795,innoventor,0.0045931675
796,protractorlike,0.00646925
797,glampground,0.0087334875
798,nonsubliminal,0.0060164025
799,garagerock,0.0
800,jangajji,0.0052148594
801,maeuntang,0.0052148594
802,pahng,0.006064904999999999
803,harfenzug,0.006064904999999999
804,solfeggi,0.006064904999999999
805,hatago,0.00543417
806,triallike,0.0
807,batakali,0.0051107075
808,tixels,0.006663327500000001
809,michahellis,0.004787245
810,technoparadise,0.004528475
811,hackishly,0.00595171
812,papelillo,0.014620504999999999
813,fanimatic,0.012615037499999999
814,turbith,0.0053694775
815,scatterfocus,0.024453765
816,tricku,0.0051754
817,ciyaal,0.0065488932
818,hhhhwwhy,0.021413217499999998
819,tartarugari,0.0065339425
820,chudaki,0.013456039999999999
821,plsteiner,0.0048519374999999995
822,thiopentone,0.010609569999999999
823,bajubandh,0.007374944999999999
824,djolof,0.006857405
825,herograms,0.0045931675
826,unenvisioned,0.0062751725000000005
827,borschtian,0.00569294
828,ammogghio,0.005822325
829,stuccoish,0.00491663
830,lechugeros,0.004463782499999999
831,motanka,0.0048519374999999995
832,émouvoir,0.005498862499999999
833,lithogram,0.0067280199999999995
834,hoooooot,0.0060164025
835,prepectoral,0.0246478425
836,nothingbuffet,0.0074396374999999995
837,pingshu,0.0906341925
838,pompejana,0.0061457874999999995
839,outresourced,0.00698679
840,pouffery,0.006339864999999999
841,akamutsu,0.004447596999999999
842,daggertooth,0.004447596999999999
843,shioko,0.004447596999999999
844,cgafutbol,0.00543417
845,commekntary,0.0
846,cervocalf,0.005498862499999999
847,salutogenesis,0.0061457874999999995
848,subsconsciouses,0.0
849,delamanid,0.007245559999999999
850,mapinza,0.014620504999999999
851,ultraprominent,0.004722552499999999
852,outsacking,0.006339864999999999
853,ngoum,0.005887017499999999
854,nonredacted,0.0056282475
855,vicchoqueña,0.005046015
856,jostlingly,0.0070514825
857,shirtballs,0.00543417
858,biodigestor,0.004787245
859,underasked,0.004463782499999999
860,proptech,0.0158496625
861,snookerese,0.005757632499999999
862,microdactyls,0.0048519374999999995
863,bonkerballs,0.004722552499999999
864,batterygate,0.005304784999999999
865,naxitamab,0.0039414635
866,omburtamab,0.0039414635
867,leptokurtosis,0.005757632499999999
868,djiz,0.004909685
869,dushbara,0.004909685
870,chalahac,0.004909685
871,monotextured,0.005887017499999999
872,bitmoijis,0.005046015
873,youshikibi,0.005822325
874,synestia,0.0096391825
875,perfidection,0.007374944999999999
876,havewaned,0.0
877,badionotus,0.00646925
878,dorfkrug,0.0048519374999999995
879,squirrelish,0.0
880,frenemesis,0.0070514825
881,antilibrary,0.0186961325
882,amphisbaenians,0.0035983288
883,lepidosaurs,0.0071966576
884,rhynchocephalians,0.0144470216
885,lepidosaur,0.0035983288
886,gastralia,0.0035983288
887,breastauraunts,0.0
888,betologists,0.004722552499999999
889,industryhave,0.0
890,skangers,0.0082467544
891,skanger,0.0041233772
892,cyberdefenders,0.0062751725000000005
893,eveningcondemning,0.0
894,normible,0.00543417
895,judgingly,0.00491663
896,psychedollars,0.00595171
897,macrorisk,0.00750433
898,logopenic,0.00621048
899,superinternationalism,0.0062751725000000005
900,dunku,0.0043659288
901,unspo,0.0030758616000000003
902,mineraline,0.00465786
903,vomerophilia,0.0042697049999999995
904,sextannual,0.00543417
905,badhnati,0.0067280199999999995
906,wordmills,0.01164465
907,kañihua,0.0045931675
908,qiaq,0.005046015
909,snarcasm,0.005757632499999999
910,cybermanipulation,0.0042697049999999995
911,onychophagia,0.006857405
912,enlistedadvisers,0.0
913,domesticalia,0.0064045575
914,yaaargh,0.014555812499999998
915,theeeeen,0.00646925
916,blaspy,0.0061457874999999995
917,bushpigs,0.0051754
918,kattobashi,0.0045478425000000005
919,aodamo,0.0770707709
920,gunwerks,0.00621048
921,unspaced,0.0043343975
922,noninvestigatory,0.0061457874999999995
923,swanicles,0.0064882553
924,hawkworms,0.0064882553
925,dwarsliggers,0.013458313
926,flipbacks,0.008952954999999999
927,flipback,0.008952954999999999
928,moreplanetsthanstars,0.0051754
929,minisqueaks,0.0062751725000000005
930,hyperprogressive,0.0060164025
931,cryovolcanism,0.0044265667
932,latuit,0.005822325
933,restratifying,0.00595171
934,thiccc,0.0
935,millinewtons,0.0044265667
936,libratus,0.00491663
937,moraingy,0.0468730967
938,fagnorolahy,0.0093988745
939,unhumanlike,0.00491663
940,nonmindful,0.007245559999999999
941,inbtellgience,0.0
942,bizdev,0.0052400925
943,faccccccccts,0.004787245
944,sfinktah,0.004528475
945,aaaaaaaaargh,0.0052400925
946,normalissima,0.0045931675
947,apatosaurian,0.005304784999999999
948,bildogsromans,0.00491663
949,carwashathons,0.007245559999999999
950,ebunuebunu,0.0198285933
951,nkatenkontobenkwan,0.0049723078
952,midescape,0.0043990900000000005
953,nanoinfluencers,0.0253466422
954,muhaddath,0.0052400925
955,chatbox,0.010221415
956,newsletteror,0.0
957,coproductiondirected,0.0
958,favoritepaigee,0.0
959,bumpyrise,0.0055635549999999995
960,screenshotter,0.00595171
961,antislice,0.0065488932
962,guaciale,0.0065488932
963,cancerchondria,0.017584990999999998
964,cancerchondriacs,0.0058818763
965,mirrortocracy,0.00491663
966,livingest,0.006081095
967,maaaaaaaate,0.00621048
968,reliquinish,0.0045931675
969,jadrool,0.004463782499999999
970,everybloomingthing,0.0049813225
971,tashbuk,0.004787245
972,pregret,0.005833861
973,eakfastlu,0.005833861
974,portmanteautifies,0.005833861
975,closedports,0.0064045575
976,simarouba,0.006081095
977,bheja,0.01009203
978,byscrubby,0.0
979,harpiedoodle,0.007116175
980,cosmophage,0.00621048
981,hvima,0.005304784999999999
982,psssssssshhhh,0.0065339425
983,estadounidismo,0.004528475
984,ultracheesy,0.006857405
985,gastrobotánica,0.004563119
986,baldmoney,0.004563119
987,akatade,0.004563119
988,chronostrictesis,0.0122268825
989,myctophids,0.015720277499999998
990,shouteth,0.0051107075
991,degenderizing,0.00750433
992,billionaihs,0.004463782499999999
993,kitbashing,0.0041840151
994,pseudomerchandising,0.0041840151
995,superempath,0.0045931675
996,hellspring,0.0040627393
997,pleeeeeeeeeeaassssee,0.0040627393
998,weichafe,0.005046015
999,kopstooje,0.0070514825
1000,overwrung,0.0069220975
1001,biscochos,0.013169507999999998
1002,quajado,0.006584753999999999
1003,spinaca,0.006584753999999999
1004,limboer,0.00595171
1005,longanzia,0.0042697049999999995
1006,sorrullitos,0.0055635549999999995
1007,boquinete,0.004463782499999999
1008,ganhua,0.0098979525
1009,cybepartnership,0.0041233772
1010,cyberfatigue,0.0041233772
1011,trimmigrants,0.00491663
1012,paranoidman,0.0
1013,deadnaming,0.014620504999999999
1014,hagyjuk,0.007374944999999999
1015,inexpertis,0.00465786
1016,braccino,0.006792712499999999
1017,submoods,0.00543417
1018,cryptarchs,0.0044872046
1019,cryptarch,0.0044872046
1020,onomotopeia,0.005498862499999999
1021,sssssssssse,0.0
1022,elastography,0.004528475
1023,splashpads,0.005822325
1024,pobedobesie,0.006663327500000001
1025,tunestack,0.0052400925
1026,filaticcio,0.0048519374999999995
1027,tovenaar,0.0048519374999999995
1028,klaviertigers,0.007116175
1029,snaketivity,0.007245559999999999
1030,microdramedies,0.0043990900000000005
1031,cathlicks,0.0061244279
1032,greybrick,0.0061244279
1033,cyberpilot,0.007245559999999999
1034,pourmenade,0.005304784999999999
1035,bawlfest,0.0064045575
1036,heteropatriarchal,0.0060164025
1037,mussalai,0.005498862499999999
1038,suberogatory,0.0045931675
1039,cryptobubble,0.0043990900000000005
1040,kibathroom,0.0051754
1041,funscape,0.0052400925
1042,khaala,0.005887017499999999
1043,hippocratica,0.0064045575
1044,interceptionof,0.005757632499999999
1045,plastigoop,0.005304784999999999
1046,yeeeeeeeah,0.0114505725
1047,undertightening,0.005498862499999999
1048,outwoke,0.004787245
1049,barossii,0.005154221499999999
1050,audaxviator,0.010308442999999999
1051,minitrauma,0.0064276174
1052,midchildhood,0.0064276174
1053,hrududil,0.006339864999999999
1054,crimescapes,0.0056282475
1055,tanghulu,0.013461613800000001
1056,myotenositis,0.0044872046
1057,cleverclue,0.0042697049999999995
1058,cyphocharax,0.0050329457
1059,spiluropsis,0.0050329457
1060,dahrak,0.007116175
1061,kuntoportaat,0.009121642499999999
1062,heeahh,0.0070514825
1063,bowpeople,0.0049116698999999995
1064,bowperson,0.0049116698999999995
1065,theolatry,0.0095097975
1066,webnotebook,0.0056282475
1067,cannabidoid,0.0073102524999999995
1068,zeigesty,0.0
1069,alabastro,0.0101567225
1070,intergrafted,0.0061244279
1071,unconsolingly,0.0061244279
1072,creditland,0.0053694775
1073,overboogie,0.0061457874999999995
1074,supportless,0.006081095
1075,icechairing,0.004463782499999999
1076,tetriminos,0.010609569999999999
1077,unanaesthetized,0.006663327500000001
1078,towardshis,0.0
1079,unlucan,0.0059971968
1080,hronrad,0.0120499232
1081,anstapa,0.0059971968
1082,heaþuswate,0.0059971968
1083,rusticky,0.005498862499999999
1084,pawternity,0.005822325
1085,pilosebaceous,0.005822325
1086,reinhabitate,0.004787245
1087,chillifier,0.0055635549999999995
1088,kkwabaegi,0.0051107075
1089,chinchorreo,0.0065339425
1090,homomorphism,0.0065339425
1091,techceleration,0.00465786
1092,trifongo,0.0043990900000000005
1093,zaratsu,0.00621048
1094,testimonees,0.0053694775
1095,crrrruuunch,0.00646925
1096,macrobrewers,0.0052400925
1097,ultraupscale,0.0056282475
1098,eminati,0.0049674459999999995
1099,aprropriate,0.0051107075
1100,chapterettes,0.004463782499999999
1101,hahahahahahahahahahahahahahahahahahahahaha,0.0
1102,hahahahahahahahahahahahahahahahahahaha,0.0
1103,colorimetrics,0.0046691182999999995
1104,colorimetric,0.0046691182999999995
1105,forwardboding,0.004158792
1106,dentalist,0.0038668608
1107,humailiation,0.0
1108,imagemeister,0.0055635549999999995
1109,stupidish,0.005304784999999999
1110,exfiltrator,0.0043343975
1111,napmobile,0.004528475
1112,womanhole,0.0048519374999999995
1113,beclown,0.007116175
1114,traedólares,0.005304784999999999
1115,inflatus,0.006081095
1116,framboyán,0.00646925
1117,ultramillionaire,0.0062751725000000005
1118,whiskerbush,0.005304784999999999
1119,soulappella,0.0070514825
1120,seenher,0.0
1121,microsensitivity,0.005887017499999999
1122,listnessless,0.00595171
1123,ev’ything,0.0
1124,infrarrealismo,0.0043052909000000006
1125,infrarealists,0.0043052909000000006
1126,undung,0.004787245
1127,bullcrapometer,0.0074396374999999995
1128,guaxmole,0.005498862499999999
1129,scialatelli,0.0045478425000000005
1130,chuchvara,0.0045478425000000005
1131,funelled,0.0
1132,brrrrrrrriefing,0.0042697049999999995
1133,pillorizing,0.005498862499999999
1134,joshuatrophywife,0.0067280199999999995
1135,platformsnow,0.0
1136,quizmakers,0.0066095311000000006
1137,quizmaker,0.0131584243
1138,pothounds,0.006339864999999999
1139,organomegaly,0.00465786
1140,subscriberson,0.0
1141,hon’ne,0.0
1142,yabai,0.006670169
1143,uberparented,0.0051107075
1144,revealeth,0.005822325
1145,pennyloafers,0.00465786
1146,pitward,0.00595171
1147,prasiolite,0.0051107075
1148,trichromats,0.0065488932
1149,noncolorblind,0.0065488932
1150,brothertobrotherbrothertobrotherbrothertobrotherbrothertobrotherbrothertobrotherbrothertobrother,0.004722552499999999
1151,stoicist,0.0056282475
1152,footballification,0.004722552499999999
1153,combiningo,0.0
1154,firebrickiness,0.00621048
1155,ultrafluid,0.0055635549999999995
1156,neurocosmetology,0.0092510275
1157,mangiavate,0.005304784999999999
1158,gynandromorphic,0.006857405
1159,sumatrae,0.006663327500000001
1160,cryptotechnology,0.004463782499999999
1161,albuginea,0.005887017499999999
1162,tantora,0.0
1163,sceeves,0.00595171
1164,counterprogrammer,0.0069220975
1165,alijuna,0.019019595
1166,brainwashy,0.006857405
1167,pinbody,0.0101567225
1168,cyberdirective,0.004787245
1169,demelanization,0.0056282475
1170,schmexperts,0.004722552499999999
1171,jailworthy,0.005304784999999999
1172,roofalanches,0.00491663
1173,omitama,0.0052148594
1174,bureauwould,0.0049674459999999995
1175,earwormed,0.0045931675
1176,metok,0.006857405
1177,neuroborreliosis,0.005046015
1178,machinications,0.0
1179,covcom,0.0052400925
1180,crossdisciplinarian,0.004722552499999999
1181,adjoeman,0.0042697049999999995
1182,songwise,0.0060164025
1183,shabbyish,0.007374944999999999
1184,photographry,0.0
1185,jeongol,0.007116175
1186,trullistos,0.004463782499999999
1187,lizbites,0.005046015
1188,unbokeh,0.005757632499999999
1189,karligraphy,0.0049813225
1190,underbriefed,0.0070514825
1191,domovye,0.00621048
1192,synaffs,0.004851032
1193,godsgem,0.004851032
1194,pewag,0.00905695
1195,ingqondo,0.007116175
1196,cyberlibel,0.02096037
1197,rocabi,0.01009203
1198,gruxury,0.0052400925
1199,grünkohl,0.0052400925
1200,allégorique,0.0074396374999999995
1201,upscalification,0.005046015
1202,nonallegorical,0.006339864999999999
1203,yigu,0.0052400925
1204,afternoonsl,0.0
1205,homostructure,0.0056393247
1206,heterotransistors,0.0056393247
1207,traunch,0.00491663
1208,megafossil,0.0043343975
1209,omushaho,0.0038315423999999995
1210,wekishaka,0.0038315423999999995
1211,omufumu,0.0038315423999999995
1212,omusikamoori,0.0038315423999999995
1213,kalasiri,0.0051107075
1214,melanated,0.011709342499999999
1215,neuroactivating,0.0042697049999999995
1216,gghrtt,0.0044872046
1217,jjjtrws,0.0044872046
1218,superliked,0.0098839777
1219,superlike,0.0049723078
1220,cinnabark,0.0071808675
1221,ßpoints,0.0043343975
1222,badrijanis,0.00750433
1223,safewords,0.0049813225
1224,ashwariya,0.0
1225,spookeroos,0.005822325
1226,astaritt,0.004528475
1227,knockups,0.004528475
1228,castebound,0.004722552499999999
1229,oshawaganda,0.0
1230,bullversary,0.0043990900000000005
1231,plasticwalls,0.0
1232,lecenik,0.004851924
1233,haxhimak,0.004851924
1234,sheqerpare,0.004851924
1235,raketten,0.0045931675
1236,pssssshp,0.0049813225
1237,solomoons,0.005314012
1238,unimoons,0.010628024
1239,unimoon,0.010628024
1240,benefitingfrom,0.0
1241,envyingly,0.01086834
1242,retinization,0.005718338999999999
1243,corylifolia,0.005718338999999999
1244,backuchiol,0.005718338999999999
1245,stakeslessness,0.005498862499999999
1246,superdiverse,0.0061457874999999995
1247,mejugaru,0.0069127206
1248,gyeran,0.0069127206
1249,panzanela,0.005757632499999999
1250,velfie,0.007116175
1251,bracketological,0.005046015
1252,firefinches,0.004463782499999999
1253,momsplainer,0.0061457874999999995
1254,postbrunch,0.0067280199999999995
1255,underthrob,0.006663327500000001
1256,postponedlate,0.0
1257,harukei,0.0045931675
1258,brexanolone,0.049877917499999994
1259,sociodicy,0.0056282475
1260,olivage,0.00621048
1261,thruppling,0.0
1262,thrupple,0.0060031521
1263,nongoalie,0.0056282475
1264,shoptics,0.0059425141999999995
1265,unwedge,0.0059425141999999995
1266,edgelord,0.0053694775
1267,endometrioid,0.004787245
1268,jahenda,0.026782694999999995
1269,churinga,0.0049723078
1270,churingas,0.0099446156
1271,machambas,0.0055180489
1272,machamba,0.0110967357
1273,colorare,0.005046015
1274,ktiss,0.0049813225
1275,wrirting,0.0
1276,timepieceapalooza,0.006339864999999999
1277,boogeypeople,0.0064045575
1278,delegimitizer,0.007245559999999999
1279,lockpad,0.0043343975
1280,hackistocracy,0.007116175
1281,starhuggers,0.004722552499999999
1282,amsah,0.0065339425
1283,coxswaining,0.0050935836
1284,workkkk,0.0050935836
1285,b’mitzvahs,0.0
1286,b’mitzvah,0.0
1287,adeventuous,0.0
1288,salpingectomy,0.004463782499999999
